id,predicted
d8bfd1dafdc4,317759 2 318458 2 318462 4 319162 9 319865 13 320568 15 321272 15 321976 15 322677 19 323379 21 324083 21 324787 22 325491 22 326195 21 326899 20 327603 20 328308 19 329014 17 329719 15 330423 14 331127 14 331832 13 332539 7
d8bfd1dafdc4,256630 2 257330 9 258032 13 258733 16 259436 18 260140 19 260844 20 261547 20 262250 21 262952 23 263656 23 264360 23 265063 23 265766 21 266466 24 267170 24 267874 24 268568 2 268574 1 268576 26 269271 31 269974 31 270677 32 271380 32 272084 31 272789 28 273494 26 274198 25 274901 25 275606 23 276311 19 277016 17 277720 17 278424 17 279128 3 279132 9 279837 3 279842 1
d8bfd1dafdc4,15499 1 17609 5 18312 8 19016 8 19719 10 20422 12 21126 13 21830 14 22533 15 23237 16 23941 17 24645 17 25349 18 26053 18 26757 18 27461 19 28165 19 28869 19 29573 20 30277 21 30983 19 31688 3 31692 13 32393 17 33097 17 33803 1 33806 11 33820 1 34524 1 35228 1 35933 2 36637 2 37345 1 38048 3 38752 6 39457 6 40162 5 40868 3 41572 4 42276 7 42980 1 42982 5 43687 2 44395 1
d8bfd1dafdc4,211288 12 211992 20 212697 26 213401 28 214106 28 214810 31 215514 32 216219 31 216924 30 217630 29 218336 27 219047 23 219758 17 220470 10 221180 3
d8bfd1dafdc4,100527 3 101231 4 101936 2 103343 8 104046 11 104750 11 105454 11 106158 12 106862 13 107564 16 108268 16 108972 16 109676 16 110379 17 111082 18 111786 18 112490 18 113194 18 113899 18 114603 18 115307 18 116012 17 116717 17 117426 12 118133 11 118839 10 119544 9 120251 6 120958 1 123072 2 123075 3 123779 3 124483 3 125187 3 125892 3 126596 4 127301 1 132241 1 135766 1
d8bfd1dafdc4,166174 7 166878 7 167581 17 167605 3 168283 31 168987 30 169691 32 170395 33 171099 33 171803 1 171805 30 172507 33 173213 31 173917 30 174621 30 175326 29 176030 28 176734 27 177438 25 177465 1 178142 26 178846 26 179550 26 180254 27 180958 27 181662 28 182366 28 183070 29 183774 28 184478 18 184497 9 185182 11 185205 1 185208 1 185886 10
d8bfd1dafdc4,163244 3 163248 1 163949 1 164650 2 164653 2 164656 1 165353 9 166058 7 166762 7 167463 11 168167 1 168169 8 168871 1 168873 8 169575 7 170279 5 170983 5 171684 3 172386 1 172388 3 173092 4 173793 5 174495 1 174497 5 175199 1 175201 4 175902 7 176604 8 177308 7 178012 7 178715 6 179420 5 180124 4 180828 2
d8bfd1dafdc4,232045 7 232748 8 233451 9 234152 13 234854 15 235555 18 236258 19 236961 20 237662 22 238363 25 239065 27 239769 26 240472 26 241172 28 241876 28 242579 30 243283 27 243988 16 244691 15 245390 20 246094 16 246798 9 247502 4 247508 1 248206 4 248211 2 248907 1 248910 3 248916 1
d8bfd1dafdc4,307186 13 307204 1 307887 27 308591 24 309295 24 309996 32 310700 33 311403 34 312107 34 312809 35 313513 35 314217 35 314921 35 315625 35 316328 36 317032 35 317737 22 317761 11 318441 17 318460 2 318466 10 319144 18 319171 9 319848 17 319878 5 320552 16 320583 5 321257 15 321287 5 321961 15 321991 4 322664 13 322696 2 323369 10 323400 2 324073 10 324104 2 324777 10 325481 10 326186 9 326892 7 326919 1 327596 7 327623 2 328300 8 328327 1 329004 10 329709 10 329734 1 330414 9 330437 2 331119 8 331141 1 331825 7 332530 9 332546 1 333236 12 333945 2 333949 1
d8bfd1dafdc4,307873 5 307880 1 307883 1 307885 2 308577 14 309281 14 309983 13 310686 14 311390 13 312094 13 312798 11 313502 11 314206 11 314910 11 315614 11 316319 9 317023 9 317727 10 318431 10 319135 9 319840 8 320544 8 321249 8 321952 9 322657 7 323361 8 324065 8 324770 7 325474 7 326180 6 326885 7 327591 5 328297 3 329003 1
d8bfd1dafdc4,101534 2 102238 5 102941 7 103644 8 104347 10 105051 10 105755 12 106459 11 107163 12 107867 12 108571 12 109275 11 109979 12 110683 2 110686 8 111387 2 111390 8 112091 11 112795 11 113499 2 113502 5 113508 2 114206 8 114910 8 115611 2 115614 5 115620 2 116324 1
d8bfd1dafdc4,333871 3 334575 3 335280 2 335985 3 336688 5 336703 1 337393 6 337402 7 338100 13 338804 15 339508 15 340212 15 340916 15 341621 14 342325 14 343029 14 343733 14 344437 14 345142 13 345846 13 346550 13 347254 12 347958 12 348663 11 349366 12 350071 11 350775 11 351479 11 352182 12 352887 11 353591 11 354295 11 354998 12 355703 11 356407 10 357111 11 357815 11 358519 11 359223 10 359927 10 360631 10 361336 8 362041 5
d8bfd1dafdc4,154341 8 155044 9 155746 12 156449 13 157152 14 157855 14 158558 13 159262 14 159965 14 160668 14 161371 15 162075 14 162778 14 163482 14 164185 14 164888 14 165593 13 166296 13 167000 12 167704 12 168408 11 169112 11 169818 9
d8bfd1dafdc4,111386 1 112090 1 112794 1 113498 1 113501 1 113507 1 114202 3 114906 4 115610 1 115613 1 115619 1 115624 1 116314 10 116325 1 116327 3 117017 18 117721 22 118427 1 118430 18 119130 3 119134 22 119838 23 120543 22 121251 19 121956 25 122662 20 122684 2 123372 19 124088 6
d8bfd1dafdc4,283169 2 283862 15 284568 15 285272 2 285275 14 285974 21 286676 25 287381 25 288085 26 288789 29 289491 31 290195 32 290899 33 291601 2 291604 33 292306 36 293010 37 293714 37 294417 38 295121 39 295824 39 296528 40 297232 40 297936 40 298642 37 299346 37 300050 37 300754 37 301464 1 301477 3 301481 8
d8bfd1dafdc4,147528 7 148232 9 148936 12 149639 16 150343 16 151048 17 151752 19 152457 19 153162 19 153867 20 154571 20 155276 20 155982 20 156686 20 157391 20 158097 20 158801 21 159507 20 160212 20 160916 20 161623 18 162328 17 163033 17 163739 14 164445 12 165150 11 165856 2 165859 2
d8bfd1dafdc4,240901 2 240906 1 241605 2 241610 1 242305 1 242308 3 243009 1 243012 3 243712 3 243716 3 244421 1 245125 1 253564 1 254256 4 254263 1 254267 2 254272 1 254958 16 254975 3 254981 1 255660 13 255674 4 255680 2 256363 14 256379 2 256384 2 257067 14 257084 1 257771 14 258475 14 259179 9 259883 9 260591 4 261295 3
d8bfd1dafdc4,335277 3 335981 2 347196 3 347895 3 347899 4 348599 9 348609 3 348616 1 349302 15 349319 3 350005 21 350029 2 350709 27 350738 2 351414 32 351447 2 352118 36 352821 42 353525 43 354231 41 354273 3 354936 45 355640 45 355688 1 356344 49 357049 49 357756 46 358460 46 359165 45 359871 43 360581 36 361289 31 361994 3 361998 25 362704 2 362708 4 362713 8
d8bfd1dafdc4,150996 1 151020 2 151699 7 151710 1 151719 8 152399 1 152402 8 152413 2 152419 2 152422 9 153103 2 153106 14 153122 12 153807 32 154511 33 155216 32 155919 33 156622 34 157327 33 158035 29 158739 29 159443 29 160147 29 160851 30 161556 29 162263 26 162965 28 163668 29 164375 26 165080 26 165785 25 166489 26 167193 26 167898 25 168604 24 169309 24 170013 24 170717 24 171421 24 172126 23 172833 21 173537 21 174241 21 174945 21 175650 21 176355 20 177059 21 177763 21 178468 20 179175 17 179880 16 180587 13 181291 13 181995 14 182700 13 183405 11 184113 7 184818 5 185524 2
d8bfd1dafdc4,199452 7 200156 10 200859 12 201561 15 202264 17 202968 17 203672 17 204375 19 205078 21 205780 24 206485 22 207190 21 207892 23 208595 24 209299 24 210003 23 210707 23 211411 18 212115 12 212819 9 213523 8 214227 7 218428 2 219132 2 219836 3 220540 4 221243 5 221947 5 222651 5 223355 5 224059 5 224763 5 225467 5 226171 6 226876 5 227580 5 228285 3
d8bfd1dafdc4,264224 2 264227 1 264926 9 265629 11 265641 1 266333 14 267036 16 267740 17 268444 17 269148 17 269852 18 270556 18 271260 19 271965 19 272669 18 273373 19 274077 19 274781 19 275485 19 276189 18 276893 17 277597 17 278301 16 279004 17 279709 16 280413 14 281116 14 281821 11 281833 1 282525 10 283231 5
d8bfd1dafdc4,49332 3 50033 8 50736 10 51440 9 52144 9 52848 9 53553 9 53564 1 54257 9 54267 2 54962 11 55667 10 56372 10 57076 11 57780 11 58484 12 59188 14 59893 14 60597 15 61301 17 62005 18 62709 19 63413 20 64117 22 64821 22 65525 23 66229 25 66933 26 67638 22 67661 2 68345 23 69049 23 69753 24 70457 24 71162 23 71866 25 72570 26 73274 26 73981 22 74684 24 75386 26 76090 27 76797 23 77501 23 78204 24 78907 26 79611 25 80317 23 81022 21 81732 8 81741 3 82440 3 82446 1 83146 1
d8bfd1dafdc4,179040 3 179744 3 181857 3 182560 4 183266 2 183970 2 184675 1 185379 1 186081 3 186786 2 187490 2 188193 4 188895 7 189597 11 190302 11 191006 11 191709 12 192412 13 193116 13 193820 13 194524 14 195227 15 195930 17 196634 17 197338 17 198042 17 198745 19 199449 3 199459 10 200153 3 200166 7 200857 2 200871 6 201560 1 201576 6 202281 5 202967 1 202985 5 203671 1 203689 5 204394 4 205099 3 205804 3 206507 5 207211 5 207915 5 208619 4 209323 4 210026 3
d8bfd1dafdc4,209168 4 209869 4 209876 2 210573 4 210581 1 211273 1 211277 4 211285 1 211977 2 211981 4 211988 3 212681 2 212685 12 213385 3 213389 12 214089 2 214093 13 214796 14 215500 14 216201 3 216205 14 216905 3 216909 15 217608 4 217613 17 218313 3 218317 19 219020 27 219725 29 220429 30 221129 2 221133 33 221833 1 221837 33 222541 32 223244 30 223949 29 224654 27 224685 1 225359 2 225363 5 225370 9 225382 2 225389 1 226063 2 226067 5 226074 7 226087 1 226093 1 226767 2 226771 5 226777 7 227471 2 227475 13
d8bfd1dafdc4,82427 3 82432 2 83126 3 83130 15 83829 20 84529 25 85238 26 85942 34 86646 35 87350 35 88055 34 88763 3 88767 28 89472 28 90176 28 90881 27 91589 23 92298 18 93003 17 93707 17 94412 16 95117 15 95828 7 96533 1 96538 1 117648 1 118352 1 119056 1 119755 1 119760 1 120438 3 120443 3 120449 1 120453 3 120458 12 121138 36 121841 35 122544 34 123249 23 123274 3 123958 8 123968 2 123974 1
d8bfd1dafdc4,301536 1 302237 33 302939 36 303643 7 303652 25 304346 8 304356 3 304360 20 305049 38 305751 40 306454 41 307159 27 307863 10 307878 2 307881 2 307884 1 308568 9 309273 8 309979 4 310684 2 311388 2 312092 2 312796 2 313501 1 314205 1 314909 1 315613 1 316318 1 318430 1 319134 1 326179 1 326884 1 327588 3 328271 1 328294 3 328974 3 328979 2 328998 5 329678 3 329683 7 329701 8 330382 13 330397 1 330405 1 330409 5 331086 17 331117 2 331790 19 332493 18 333194 1 333197 18 333902 16 334606 16 335310 14 336020 8
d8bfd1dafdc4,10118 18 10823 21 11527 23 12234 22 12939 24 13644 24 14350 24 15054 26 15760 26 16465 27 17171 27 17876 29 18581 29 19287 31 19992 31 20698 29 21403 29 22110 26 22819 21
d8bfd1dafdc4,11388 4 12092 6 12795 8 13498 10 14201 12 14904 13 15608 14 16311 15 17015 16 17719 17 18423 18 19127 18 19830 20 20534 20 21236 22 21940 23 22643 24 23347 24 24051 24 24754 25 25458 25 26162 26 26866 25 27569 26 28273 26 28978 25 29682 25 30383 1 30386 25 31083 31 31786 10 31799 19 32490 32 33194 33 33897 33 34598 14 34618 16 35301 16 35322 15 36005 36 36709 21 36731 13 37412 36 38114 38 38818 38 39522 38 40226 29 40256 7 40929 38 41633 37 42337 36 43041 29 43073 1 43744 30 44448 30 45152 30 45856 29 46560 29 47264 28 47968 26 48672 25 49377 22 50081 18 50101 2 50789 3
d8bfd1dafdc4,222503 1 223207 1 223909 3 224613 4 224620 1 225316 6 225323 2 226021 13 226725 19 227429 21 228132 27 228835 41 229540 43 230244 43 230948 44 231651 45 232355 45 233059 44 233764 42 234468 42 235171 42 235875 41 236580 38 237284 37 237988 37 238692 36 239396 34 240100 32 240804 31 241508 31 242212 30 242916 28 243620 27 244324 24 245028 23 245732 22 246436 19 247140 18 247844 18 248548 18 249253 17 249958 14 250663 11 251368 7 252076 1
d8bfd1dafdc4,216315 1 217018 3 217721 4 218425 3 219128 4 219831 5 220534 6 221237 6 221940 7 222643 8 223347 8 224051 8 224754 9 225455 12 226158 13 226860 16 227562 18 228265 20 228965 23 229666 23 230370 21 231075 20 231779 18 232483 15 233187 14 233895 7
d8bfd1dafdc4,131241 2 131246 3 131945 1 131949 6 132652 12 133356 13 134059 15 134761 17 135465 17 136169 17 136873 18 137580 17 137601 1 137633 3 138284 17 138304 2 138332 2 138336 4 138989 14 139041 2 139693 8 139702 3 140398 6 140407 2 140447 1 141102 6 141111 2 141151 4 141806 8 141854 6 142511 8 142522 12 142538 1 142556 9 142567 3 143260 9 143272 1 143966 6 144670 5 145374 6 146058 1 146073 1 146077 8 146755 3 146760 4 146768 2 146775 19 147459 3 147464 4 147471 3 147479 19 148184 13 148199 2 148889 1 148894 6 149598 4 150297 2 150301 9 150986 1 151001 17 151689 3 151696 1 151706 4 151711 8 152410 3 152415 4 152421 1 153120 2
d8bfd1dafdc4,242211 1 242915 1 243619 1 244323 1 245026 2 245730 2 245754 1 246434 2 246455 4 247138 2 247158 4 247842 2 247862 4 248546 2 248566 4 249250 3 249270 5 249954 4 249972 7 250658 5 250674 9 251363 5 251375 12 252067 9 252077 13 252771 24 253475 24 254179 25 254883 25 255587 25 256291 25 256996 24 257700 24 258408 21 259113 20 259817 20 260521 19 261227 17 261931 18 262636 16 263346 1
d8bfd1dafdc4,292903 3 292907 2 292912 2 292917 1 293607 3 293611 2 293616 2 294312 1 294316 1 295015 6 295714 12 296417 13 297122 12 297826 13 298530 9 299235 1 299238 3 299939 1 299943 2 300643 1 305608 1 308419 7 309123 7 309826 7 310530 6 311231 11 311934 12 312637 12 313340 11 314037 19 314737 2 314740 20 315440 23 316144 23 316847 24 317550 24 318254 23 318958 22 319662 22 320367 21 321071 20 321778 15 322484 13 323190 9 323898 2
d8bfd1dafdc4,8828 3 9526 17 10229 22 10933 24 11635 28 12337 32 13045 30 13749 32 14454 33 15158 35 15864 33 16566 37 17273 34 17974 38 18679 39 19381 42 20085 43 20789 43 21491 44 22193 1 22196 27 22226 14 22899 24 22939 2 23605 19 24311 11
d8bfd1dafdc4,139766 1 140470 2 141174 2 141877 8 142580 10 143284 10 143984 3 143988 6 143995 4 144688 16 145393 16 146098 16 146802 16 147504 18 148208 19 148912 20 149616 19 150320 19 151024 19 151047 1 151728 20 151749 3 152432 25 153140 21 153842 23 154546 23 155250 23 155956 20 156662 15 158080 1 158776 4 158782 5 159476 16 159493 3 160191 3
d8bfd1dafdc4,126839 5 127539 10 128241 14 128939 22 129642 24 130345 25 131055 18 131758 19 132463 18 133168 16 133871 18 134576 16 135280 16 135984 16 136688 1 136690 14 137392 1 137394 14 138096 17 138800 17 139504 17 140207 19 140911 19 141615 19 142317 1 142319 20 143021 1 143023 20 143725 1 143727 20 144438 12 145147 6
d48ec7815252,224317 5 225019 8 225720 13 226424 13 227128 13 227815 1 227818 1 227821 1 227824 1 227827 19 228522 27 229225 28 229928 30 230633 28 231336 29 232039 30 232744 28 233448 28 234151 29 234855 29 235559 29 236262 30 236966 30 237670 30 238374 30 239078 30 239782 29 240486 29 241190 29 241895 27 242599 27 243304 26 244009 24 244714 21 245420 13 245434 1
d48ec7815252,6275 2 6979 3 7683 3 8387 3 9090 4 9794 4 10498 5 11202 5 11906 5 12610 5 13314 5 14018 5 14722 5 15426 5 16130 5 16834 5 17538 6 18242 6 18946 6 19650 7 20354 7 21058 8 21762 8 22465 10 23169 10 23873 10 24577 10 25281 10 25984 12 26688 12 27392 12 28096 13 28800 13 29504 13 30208 13 30912 13 31616 13 32320 14 33024 14 33728 14 34432 14 35136 14 35840 14 36544 14 37249 14 37953 12 38657 11 39362 10 40066 10 40770 8 41475 6 42180 3 42184 1
d48ec7815252,332900 1 332904 4 333606 9 334308 13 335011 15 335714 18 336418 19 337121 21 337825 23 338528 24 339233 24 339939 22 340643 22 341349 20 342056 16
d48ec7815252,61916 9 62620 11 63323 12 64026 14 64730 15 65434 14 66138 14 66842 15 67546 14 68250 15 68954 16 69658 16 70362 17 71066 17 71770 18 72474 19 73178 20 73882 20 74587 19 75291 20 75995 20 76699 20 77403 19 78107 18 78812 16 79516 14 80220 11 80925 10 81629 9 82335 4 82340 1
d48ec7815252,26919 3 27622 6 28326 7 28992 3 29030 8 29692 8 29734 9 30395 10 30437 10 31099 10 31140 11 31803 11 31843 12 32507 12 32547 12 33211 12 33252 11 33916 1 33919 8 33955 12 34624 7 34659 12 35329 5 35363 13 36033 6 36067 12 36737 6 36771 12 37474 13 38177 14 38880 15 39584 15 40287 17 40991 16 41694 16 42398 16 43102 17 43806 17 44510 16 45214 15 45918 15 46622 15 47327 13 48034 10 48739 8 49443 8 50147 8 50852 7 51561 1
d48ec7815252,201560 8 202249 2 202255 20 202947 33 203651 34 204355 36 205059 37 205763 38 206468 37 207172 38 207877 38 208581 38 209286 36 209990 34 210694 33 211398 29 212102 27 212806 22 213511 16 214218 1 214221 2
d48ec7815252,76837 2 76840 1 77536 11 78239 12 78941 14 79642 18 80344 20 81048 20 81751 21 82454 22 83158 21 83862 21 84566 21 85269 22 85974 21 86677 21 87381 21 88085 22 88789 21 89492 22 90196 23 90900 23 91604 23 92308 23 93013 22 93717 22 94420 24 95125 22 95829 22 95852 1 96532 25 97237 24 97941 22 97964 1 98645 24 99350 21 100054 18 100758 16 101463 13 102167 11
d48ec7815252,91402 4 92103 16 92807 17 92827 1 93510 23 94213 28 94919 27 95623 29 96327 29 97031 28 97736 26 98440 25 99144 22 99848 20 100552 20 101257 19 101961 15 102665 14 103369 10 104073 10 104777 9 105481 9 106185 6 106889 5 107592 5 108296 5 108999 5 109701 7 110404 9 111108 8 111812 8 112516 8 113220 7 113923 6 114626 6 115330 5 116034 5 119552 2
d48ec7815252,196697 4 197401 6 198106 5 198810 5 199513 8 200217 9 200923 6 201630 3 202335 2 203038 4 203741 5 204446 4 205151 4 205855 5 206559 7 207264 7 207969 6 208674 7 209378 8 210082 9 210786 10 211490 13 212194 14 212898 15 213602 16 214306 19 215010 20 215714 20 216418 21 217122 24 217826 27 218531 30 219235 31 219940 30 220644 32 221347 36 222053 33 222759 2 222764 8 222773 16 223473 2 223477 16 224182 16 224891 8 224900 2 225600 1
d48ec7815252,170477 8 171179 10 171882 12 172586 12 173290 15 173994 16 174699 16 175405 18 176109 20 176816 22 177520 23 178225 25 178930 26 179634 28 180340 27 181045 27 181749 28 182454 28 183158 28 183864 26 184569 25 185273 26 185978 25 186684 23 187390 20 188098 13 188807 5
d48ec7815252,116635 1 117338 7 118042 8 118746 8 119449 10 120153 10 120857 11 121561 12 122265 13 122969 14 123672 15 124376 15 125080 15 125785 14 126488 16 127191 18 127895 19 128599 19 129303 20 130006 20 130710 20 131414 21 132118 22 132822 22 133525 23 134229 23 134933 23 135637 23 136341 23 137045 23 137748 24 138452 24 139155 25 139859 25 139898 1 140562 26 140602 2 141266 26 141306 3 141970 26 142674 26 143377 27 144081 26 144785 26 145489 26 146193 25 146897 24 147601 24 148306 21 149012 16 149717 13 150426 3
d48ec7815252,213874 2 214578 3 215281 6 215984 7 216687 9 217391 10 218094 12 218117 5 218798 15 218818 8 219501 30 220205 30 220908 31 221612 31 222316 31 223020 31 223724 30 224429 27 225133 18 225838 15 226543 12 227247 10 227952 9 228657 6
d48ec7815252,1614 5 2313 11 3004 2 3007 6 3017 11 3707 12 3721 12 4409 28 5113 28 5816 28 6519 28 7223 25 7927 25 8631 21 9336 19 10040 18 10744 17 11449 16 12153 15 12857 15 13561 15 14265 15 14969 15 15673 14 16377 12 17082 9 17788 3
d48ec7815252,146275 11 146978 13 147681 15 148385 16 149088 18 149792 19 150497 19 151200 20 151905 20 152609 21 153312 22 154017 23 154721 24 155425 25 156130 25 156834 25 157539 25 158244 25 158947 26 159652 26 160357 25 161061 25 161766 24 162471 24 163175 24 163880 23 164585 22 165289 22 165994 21 166698 21 167403 19 168109 17 168815 14
d48ec7815252,147152 1 147155 2 147856 3 147860 1 148560 5 149264 8 149968 10 150672 10 151376 10 152080 11 152784 12 153488 12 154193 12 154897 12 155601 12 156305 13 157009 14 157713 14 158417 15 159121 15 159824 16 160528 17 161232 18 161936 18 162640 18 163344 19 164048 19 164752 18 165456 19 166161 19 166864 19 167571 1 167573 15 168278 14 168983 13 169687 13 170392 12 171096 12 171801 11 172506 9 173211 6 173917 1 173919 2
d48ec7815252,110298 6 110999 10 111703 10 112407 10 113110 11 113814 11 114516 14 115220 16 115924 17 116628 7 116636 9 117332 6 117345 4 118036 6 118050 2 118741 5 118754 2 119445 4 119459 2 120150 3 120163 2 120854 3 120868 2 121558 3 121573 1 122262 3 122966 3 123670 2 124374 2 125078 2 125782 3 126486 2 127190 1 129302 1 134228 1 134932 1 135636 1 136339 2 137043 2 137746 2 138449 3 139152 3 139853 6 140557 5 141261 5 141965 5 142668 6 143372 5 144074 7 144777 8 145481 8 146185 8 146889 8 147593 8 148296 10 148327 1 148998 14 149028 3 149702 15 149730 5 150406 20 150429 10 151110 33 151814 33 152518 32 153222 32 153926 31 154630 30 155334 30 156039 28 156744 27 157449 24 158153 23 158858 21 159564 17 160270 14 160976 2 160979 6
d48ec7815252,286467 1 287166 10 287867 12 288569 15 289271 17 289975 16 290678 18 291382 17 292086 17 292790 17 293495 16 294198 17 294903 16 295606 17 296310 16 297015 15 297718 15 298423 14 299129 10 299833 9 300540 1 300543 1
d48ec7815252,42897 3 43599 7 43624 9 43634 2 44303 7 44326 11 44338 2 45006 5 45013 1 45026 1 45029 15 45710 8 45733 16 46414 8 46436 20 47118 9 47139 22 47822 9 47842 23 48525 10 48546 23 49229 10 49252 21 49933 10 49956 22 50637 11 50660 22 51341 12 51364 23 52044 14 52068 23 52748 14 52772 24 53452 14 53476 24 54156 15 54182 22 54860 15 54887 21 55564 15 55588 24 56268 15 56291 24 56973 14 56995 24 57677 15 57693 2 57700 23 58381 19 58401 26 59087 42 59791 42 60495 42 61199 42 61906 10 61925 13 62611 9 62631 7 63315 8 63335 6 64019 7 64040 4 64723 7 64745 3 65429 5 65448 3 66134 4 66152 3 66838 4 66857 3 67543 3 67560 4 68247 3 68265 2 68952 2 69657 1
d48ec7815252,61904 2 62609 2 63313 2 64017 2 65428 1 66132 2 66837 1 67541 2 68245 2 68949 3 69653 4 69674 1 70349 1 70359 3 71064 2 71752 1 71769 1 72456 1 72473 1 73160 2 73177 1 73864 2 74586 1 75290 1 79530 1 80231 3 80935 3 81638 4 82333 2 82339 1 82341 5 83038 12 83742 11 84446 11 85150 10 85854 9 86558 9 87262 8 87966 7 88670 7 89374 6
d48ec7815252,243250 5 243956 3 244661 2 245366 1 246070 1 246774 1 247478 2 248182 2 248187 1 248886 2 248890 2 249590 2 250294 2 250998 1 251702 1 251706 2 252406 1 252410 2 253114 2 253819 1 255227 1 255931 1 256635 1 261516 5 262219 8 262923 8 262968 4 263627 8 263672 4 264331 8 264374 6 265036 7 265078 8 265742 5 265781 10 266447 4 266485 10 267151 3 267189 11 267856 1 267892 12 268597 11 269301 11 270005 10 270709 8 271414 7 272119 6 272827 3
d48ec7815252,60059 9 60761 12 61461 17 62162 20 62865 22 63561 1 63563 28 64265 30 64968 31 65670 33 66374 34 67084 27 67788 28 68495 25 69201 22 69904 24 70611 20 71315 20 72021 18 72726 17 73430 17 74136 14 74844 9 75553 1
d48ec7815252,68394 2 69097 5 69801 6 70505 6 71208 8 71909 11 72612 12 73316 11 74020 11 74721 14 75400 6 75422 17 76103 11 76124 19 76807 13 76828 9 76839 1 76841 6 77511 15 77531 5 77547 4 78215 24 78251 3 78920 21 78955 3 79624 18 79660 2 80328 16 80364 1 81034 14 81068 1 81741 10 81772 1 82448 6 82476 1 83152 6 83179 2 83856 6 83883 1 84560 6 84587 1 85265 4 85291 1 85969 5 85995 1 86674 3 86698 1 87378 3 87402 1 88082 3 88786 3 88810 1 89490 2 89514 1 90194 2 90898 2 90923 1 91602 2 91627 1 92306 2 92331 2 93010 3 93035 2 93714 3 93739 2 94419 1 94444 1 95122 3 95147 2 95826 3 95851 1 96530 2 96557 1 97234 3 97261 1 97938 3 97963 1 97965 1 98642 3 98669 1 99345 5 99371 3 100049 5 100072 5 100753 5 100774 7 101458 5 101476 9 102161 6 102178 11 102865 25 103569 23 104274 21 104978 20 105682 17 106388 12 107094 9 107801 1
d48ec7815252,71046 1 71051 1 71749 3 71754 2 72453 3 72457 4 73157 3 73162 2 73860 4 74560 8 75263 9 75967 10 76669 10 77371 10 78070 15 78774 15 79478 14 80181 15 80882 15 81586 15 82291 15 82995 14 83698 14 84401 15 85105 15 85810 14 86514 12 87222 3
d48ec7815252,306371 3 307074 6 307777 7 308480 8 309183 10 309886 12 310589 14 311293 14 311997 14 312701 14 313404 16 314107 18 314810 18 315514 18 316217 19 316921 20 317624 21 318327 21 319031 20 319734 21 320437 22 321140 22 321844 22 322548 22 323252 21 323955 22 324643 2 324659 22 325345 5 325363 21 326048 9 326068 19 326752 10 326772 19 327456 11 327469 2 327475 20 328160 11 328172 5 328179 20 328864 18 328883 20 329568 18 329591 1 329594 12 330271 20 330298 12 330975 21 331000 14 331679 22 331704 14 332383 21 332409 13 333087 21 333115 3 333119 3 333124 2 333791 21 333819 3 333823 3 333829 1 334494 36 335198 36 335902 36 336607 35 337311 31 337344 1 338015 30 338720 28 339424 28 340128 28 340832 25 341537 23 342241 23 342945 23 343649 23 344355 19 345061 14 345766 2 345769 7 346475 1
d48ec7815252,107456 1 108129 2 108133 3 108149 2 108153 14 108832 42 109535 44 110239 45 110943 46 111647 47 112351 47 113055 47 113759 46 114464 28 114495 2 114500 2 115169 2 115172 14 115877 6 116582 2 117286 1
d48ec7815252,323739 4 324442 6 325146 7 325850 9 326554 10 327259 11 327963 13 328667 15 329372 16 330076 17 330780 18 331485 18 332189 19 332893 7 332901 3 332908 5 333597 5 333603 1 333615 3 334301 5 334321 2 335005 4 335026 2 335708 5 335732 1 336412 5 337117 2 337821 2 337824 1
d48ec7815252,151985 2 152659 37 153357 45 154062 44 154108 2 154764 47 155468 46 156171 47 156872 49 157575 50 158269 59 158973 55 159678 49 160382 47 161086 43 161790 41 162495 37 163199 33 163903 31 164607 25 165311 17 166015 8
d48ec7815252,236811 2 237505 3 237515 2 238206 7 238219 2 238909 9 238921 5 238932 1 239609 14 239625 5 239636 1 240301 3 240308 18 241004 5 241011 19 241710 25 241736 6 241748 1 242411 28 243099 14 243114 24 243802 41 244505 36 244546 2 245211 20 245237 2 245916 9 245929 1 246616 12 246631 4 247327 3
d48ec7815252,19884 6 20585 11 21278 22 21981 24 22684 25 23388 25 24092 24 24796 23 25500 23 26204 23 26909 10 26922 8 27614 8 27628 6 28318 8 28333 3 29025 5 29038 2 29729 5 29743 1 30434 3 30447 1 31139 1 31151 1 31842 1 31855 1 32559 1 33251 1 33263 1 33967 1
d48ec7815252,261314 3 261326 14 262017 28 262721 19 262741 10 263425 34 264129 35 264168 2 264833 43 265537 47 266241 49 266945 52 267649 54 268353 55 269057 54 269761 55 270465 55 271169 54 271874 12 271894 28 272578 12 272599 28 273281 13 273303 3 273307 26 274013 21 274718 19 275426 16 276131 15 276836 13 277541 12 278247 10 278954 7 279659 6 280363 6 281068 6 281772 5 283182 3 283887 2
d48ec7815252,202457 5 203160 6 203864 6 204566 9 205269 11 205973 11 206676 12 207379 13 208083 13 208787 13 209491 13 210195 13 210899 13 211603 13 212306 14 213009 16 213714 14 214418 14 215122 15 215826 14 216530 14 217234 15 217938 16 218642 17 219346 17 220050 19 220754 19 221458 18 222162 7 222170 12 222865 8 222875 12 223570 4 223576 1 223578 12 224283 11 224990 7 225697 1
d48ec7815252,1036 1 1737 10 2439 16 3142 20 3847 19 4550 21 5256 18 5960 19 6665 17 7370 14 7385 1 8074 11 15834 3 16538 3 17945 4 17950 1 19355 1
d48ec7815252,6411 7 7112 13 7815 15 8518 17 9222 18 9926 18 10630 18 11334 18 12038 17 12741 18 13445 18 14150 17 14854 16 15561 11
d48ec7815252,154762 2 154811 5 154821 3 155461 7 155514 11 156157 14 156218 15 156859 13 156921 18 156940 4 157564 11 157625 16 158328 17 159028 23 159727 27 160429 25 161129 28 161831 28 162532 29 163232 12 163253 2 163934 11 164632 13 165328 18 166023 25 166719 30 166750 3 167422 29 168126 28 168829 28 169533 28
d48ec7815252,89643 8 90347 10 91050 13 91753 15 92455 19 93159 21 93863 23 94567 25 95271 27 95975 32 96009 1 96679 41 97383 43 98087 45 98792 45 99496 45 100201 44 100905 44 101609 44 102314 43 103019 42 103723 42 104427 42 105131 43 105836 42 106540 42 107244 42 107948 42 108653 41 109358 40 110064 38 110768 38 111472 39 112177 38 112884 35 113588 34 114292 35 114996 35 115701 34 116409 30 117113 30 117817 30 118521 30 119225 30 119930 29 120634 29 121338 29 122043 28 122749 25 123453 25 124158 23 124862 22 125568 20 126274 16 126981 12 127686 9 128391 7
d48ec7815252,149204 2 149207 1 149886 3 149906 6 150589 8 150604 15 151293 30 151997 30 152700 31 153404 30 154110 26 154816 5 154824 16 155525 19 156233 13 156939 1 156944 6 157641 13 158345 13 159051 11 159754 12 160456 14 161160 13 161865 12 162569 12 163273 11 163978 10 164682 9 165386 8 166092 4
d48ec7815252,84518 1 88750 1 88753 1 89451 13 90155 13 90857 1 90859 13 91561 17 92265 16 92968 18 93672 19 94376 19 95079 20 95784 19 96488 20 97192 20 97897 19 98604 16 99309 15 100016 11 100722 9 101427 6
d48ec7815252,332892 1 333596 1 333602 1 333604 2 334299 2 334306 2 334323 1 335003 2 335009 2 335028 1 335707 1 335713 1 335733 1 336411 1 336417 1 336437 2 337115 2 337119 2 337142 2 337819 2 337823 1 338525 3 339232 1 339936 3 340641 2 342760 10 343465 6 358221 8 358921 17 359624 14 359639 4 360327 15 360343 4 361027 29 361730 30 362435 28 363143 20
d48ec7815252,24035 8 24743 8 25447 12 26152 14 26859 22 27564 25 28269 26 28973 19 28995 4 29679 13 29700 4 30385 10 30405 3 31090 9 31109 3 31797 6 31814 2 32502 5 32519 1 33209 2 33223 1 33914 2 33917 2 33927 1 34619 5 35327 2 35334 1
d48ec7815252,233423 1 234123 7 234827 7 235532 5 236236 1 236239 2 236940 1 236943 2 237643 6 238346 7 239050 7 239759 1 241845 3 242549 6 243255 7 243959 7 244660 1 244663 7 245364 2 245367 7 246069 1 246071 7 246773 1 246775 7 247477 1 247480 7 248181 1 248184 3 248188 3 248885 1 248888 2 248892 3 249589 1 249592 6 250293 1 250296 6 250997 1 250999 9 251701 1 251703 3 251708 4 252405 1 252407 3 252412 4 253109 5 253116 4 253813 6 253820 5 254518 11 255222 5 255228 6 255926 5 255932 6 255939 1 255946 1 255950 1 256630 5 256636 8 256647 1 256650 6 257334 15 257350 12 258038 15 258054 11 258742 15 258758 2 258761 8 259447 14 259462 2 259466 2 259469 3 260150 18 260169 3 260173 4 260854 28 261557 29 262261 29 262965 3 262972 21 263669 3 263676 21 264373 1 264380 16 264397 3 265077 1 265086 19 265791 18 266495 18 267200 10 267211 3 267215 2 267904 8 268608 8 269312 8 270015 8 270717 10 271413 1 271421 10 271432 1 272117 2 272125 10 272821 6 272830 8 273525 17 274229 17 274933 17 275638 16 276342 16 277046 15 277750 14 278455 13 279160 11 279864 10 280569 9 281273 7 281977 6 282684 2
d48ec7815252,210391 6 211093 10 211796 12 212497 15 213199 17 213902 16 214604 16 215308 15 216011 14 216713 15 217416 14 218122 10 218826 9 219531 6 220235 5 220939 3 221643 3 222347 2 223051 2 223754 3 224456 4 225157 1
d48ec7815252,9503 6 10207 6 10911 6 11614 7 12317 9 13021 9 13725 9 14429 8 15133 8 15837 8 16541 8 17244 9 17949 1 17951 5 18652 7 19356 6 20059 8 20763 7 21467 7 22170 7 22874 7 23577 8 24281 8 24984 9 25687 10 26391 10 27095 10 27799 10 28502 11 29205 12 29909 12 30613 12 31317 12 32019 14 32723 14 33427 14 34132 13 34835 13 35539 13 36244 10 36949 7 37653 6 38357 5 39061 1 39063 1
d48ec7815252,334626 5 334632 1 335327 15 336031 17 336735 18 337439 18 338143 18 338847 19 339551 19 340255 19 340959 18 341664 17 342369 15 343075 11
d48ec7815252,323126 8 323827 12 324530 14 325234 14 325938 14 326641 15 327345 15 328048 16 328752 16 329456 17 330160 17 330864 16 331568 16 332272 16 332977 14 333682 12 334388 6
d48ec7815252,241588 19 242289 26 242991 28 243695 29 244400 33 244471 1 245105 32 245808 34 246515 31 247220 30 247925 29 248630 29 249335 27 250039 3 250043 22 250748 21 251452 20 252157 20 252861 21 253566 18 254270 17 254974 21 255678 23 256382 3 256387 17 257087 1 257091 17 257790 26 258494 27 259198 26 259902 29 260606 34 261309 5 261317 9 261340 5 262014 3 262045 5 262052 2 262718 3 262740 1 262751 8 263422 3 263459 12 264126 3 264164 4 264170 6 264830 3 264876 5 265534 3 265584 4 266238 3 266290 3 266943 2 267648 1
7ae19de7bc2a,60805 4 61508 6 62211 8 62915 8 63618 10 64322 10 65026 11 65730 11 66434 11 67139 10 67844 9 68549 8 69258 1
7ae19de7bc2a,183118 6 183821 9 184525 10 185229 10 185932 11 186636 11 187340 12 188044 11 188748 11 189453 10 190158 9 190863 8 191568 6 192273 5
7ae19de7bc2a,78982 9 79684 12 80388 13 81092 13 81795 14 82499 14 83203 14 83907 14 84612 12 85317 10
7ae19de7bc2a,207961 6 208664 9 209367 11 210071 11 210774 12 211478 12 212182 12 212886 12 213590 11 214294 11 214998 10 215703 8 216408 5
7ae19de7bc2a,141419 3 142117 14 142820 16 143524 17 144228 17 144932 17 145636 17 146340 17 147044 17 147748 16 148453 15 149157 15 149861 14 150565 14 151269 14 151974 13 152678 12 153383 11 154088 8 154795 3
7ae19de7bc2a,140950 4 141653 6 142356 8 143060 9 143764 9 144468 10 145172 10 145877 9 146581 9 147285 10 147989 10 148693 10 149398 9 150102 8 150807 7 151512 5
7ae19de7bc2a,132820 4 133519 12 134222 13 134926 13 135630 14 136334 14 137038 14 137742 14 138446 14 139150 14 139855 13 140559 13 141266 9 141971 8
7ae19de7bc2a,324787 7 325490 9 326194 11 326898 12 327602 13 328307 12 329011 13 329716 12 330421 11 331126 10 331831 9 332536 8 333245 1
7ae19de7bc2a,181733 5 182434 9 183137 11 183841 11 184545 11 185249 11 185953 11 186657 11 187361 11 188065 11 188769 11 189474 10 190178 9 190883 7 191587 6 192293 2
7ae19de7bc2a,97250 4 97951 25 98654 27 99358 27 100062 27 100766 26 101470 26 102175 24 102879 24 103584 22 104288 20 104995 13
7ae19de7bc2a,111721 5 112421 11 113121 16 113824 17 114528 17 115231 18 115935 18 116639 17 117343 17 118047 16 118751 16 119456 14 120162 10
7ae19de7bc2a,40218 8 40922 10 41625 11 42329 12 43033 12 43737 12 44441 13 45145 13 45849 13 46554 12 47258 12 47962 12 48666 12 49370 12 50074 11 50778 10 51483 9
7ae19de7bc2a,237381 4 238084 7 238788 8 239492 10 240196 11 240900 12 241604 12 242309 12 243013 12 243718 11 244423 9
7ae19de7bc2a,79611 7 80313 10 81016 12 81719 13 82423 13 83127 14 83830 15 84534 15 85238 15 85941 15 86645 15 87349 15 88053 15 88757 15 89461 15 90165 15 90870 13 91574 13 92280 10
7ae19de7bc2a,188708 8 189411 11 190115 12 190819 13 191523 14 192228 13 192932 13 193636 13 194341 12 195045 12 195749 12 196453 12 197157 12 197861 11 198565 11 199269 10 199975 6
7ae19de7bc2a,40965 2 41664 8 42365 13 43067 14 43770 15 44473 16 45177 16 45880 16 46584 16 47288 16 47992 16 48696 16 49399 17 50103 16 50807 16 51511 15 52215 15 52920 12 53624 1 53626 7
7ae19de7bc2a,92871 8 93573 12 94277 13 94981 13 95685 14 96389 14 97093 14 97797 14 98501 14 99206 13 99910 13 100615 12 101323 6
7ae19de7bc2a,186743 6 187446 8 188150 10 188854 12 189558 13 190262 13 190967 13 191671 13 192375 13 193079 13 193784 12 194488 12 195192 12 195897 11 196601 11 197306 10 198010 10 198715 9 199421 5
7ae19de7bc2a,336534 2 337233 9 337931 21 338635 26 339338 34 340041 34 340747 41 341455 40 341498 2 342155 50 342864 47 343569 49 344273 52 344978 51 345683 47 346387 50 347094 49 347801 41 348505 40 349209 40 349255 1 349914 38 350618 5 350624 7 350632 6 350655 1 351322 14 351342 4 351355 1 352027 4 352032 7 352737 5 352746 2 353442 3 354139 1 354146 3 354843 1 354850 4 354859 1 355547 2 355553 5 356251 4 356256 6 356955 2 356961 5 356971 1 357659 3 357665 6 357674 2 358363 4 358368 7 359067 4 359072 6 359771 1 359777 4 360483 1
7ae19de7bc2a,332307 8 333008 15 333711 20 333732 2 334415 24 335118 27 335822 27 336526 8 336536 17 337230 3 337242 15 337952 9 338661 4 341454 1 342863 1 343567 2 344977 1 345681 2 346386 1 347090 4 347794 7 348500 5 349205 4 349909 5 350613 5 350623 1 350631 1 351317 5 352021 6 352031 1 352039 1 352725 12 352742 1 353429 13 353445 2 354133 6 354140 6 354149 3 354837 6 354844 5 354854 2 355541 6 355549 3 355558 1 356245 6 356255 1 356262 2 356949 6 356957 1 356959 2 356966 2 357653 5 357671 1 358357 2 358360 2 359062 1 359064 2
7ae19de7bc2a,97122 5 97825 8 98529 9 99233 11 99937 11 100641 12 101345 12 102049 12 102753 12 103457 13 104161 13 104865 13 105569 13 106273 13 106977 13 107681 13 108385 13 109090 12 109794 12 110499 10 111204 9 111910 4
7ae19de7bc2a,50949 1 51652 5 52356 8 53059 10 53763 11 54467 11 55171 12 55875 12 56579 12 57284 10 57989 8 58695 3
7ae19de7bc2a,45796 12 46496 18 47199 19 47902 20 48604 22 49307 23 50010 24 50714 24 51419 22 52132 11
7ae19de7bc2a,317147 4 317847 8 318550 9 319254 9 319958 9 320662 9 321366 9 322070 9 322774 9 323478 9 324182 9 324886 9 325590 9 326293 10 326997 10 327701 10 328405 10 329109 9 329813 9 330517 9 331221 9 331925 9 332629 9 333333 9 334037 8 334741 8 335445 8 336149 8 336854 7 337558 6 338263 3
7ae19de7bc2a,126036 8 126738 11 127441 12 128141 17 128845 17 129545 21 130249 21 130951 23 131655 22 132358 23 133062 22 133766 22 134470 21 135174 21 135879 19 136583 19 137288 17 137992 17 138697 16 139401 15 140106 15 140810 8 140819 1 141516 3
7ae19de7bc2a,225619 7 226323 10 226336 1 227026 17 227730 17 228434 17 229138 17 229842 17 230546 17 231251 16 231955 16 232660 16 233365 15 234071 13 234777 11 235483 8 236188 6
7ae19de7bc2a,119810 4 120513 7 121217 10 121921 11 122625 12 123329 12 124033 12 124737 12 125440 13 126144 13 126849 12 127560 3
7ae19de7bc2a,351829 6 352532 9 353236 11 353940 12 354644 12 355348 13 356052 12 356757 11 357461 12 358165 12 358870 11 359574 11 360279 10 360984 9 361689 7 362394 6 363101 1
7ae19de7bc2a,171433 6 172134 10 172837 11 173540 12 174243 13 174947 13 175651 13 176354 14 177058 14 177762 14 178466 14 179170 13 179874 13 180578 12 181283 9 181988 3
7ae19de7bc2a,356519 7 357221 10 357923 12 358627 11 359330 12 360034 12 360738 12 361442 12 362147 11 362851 11 363556 9 364260 7
7ae19de7bc2a,67054 6 67758 7 68462 7 69166 7 69870 8 70574 8 71278 8 71982 8 72686 8 73390 8 74095 7 74799 7 75503 7 76208 5 76914 1
7ae19de7bc2a,1232 1 1930 11 2634 11 3337 12 4041 12 4745 12 5449 12 6153 12 6858 12 7562 12 8267 11 8972 10 9678 7 10385 2
7ae19de7bc2a,326693 3 326698 1 326701 12 327396 23 328099 24 328803 23 329506 24 330209 27 330914 21 331618 17 332321 19 332342 1 333026 15 333731 1 333734 9 334439 7 335145 4 335849 2 335864 1 336553 1 336567 2 337257 1 337260 1 337270 6 337961 1 337972 2 337975 7 338676 12 339381 12 340085 13 340789 1 340791 12 341495 3 341500 8 342205 8 342911 7 343618 4 344325 2 345029 2 345730 5 346437 2 347842 4 348545 4 349249 3 349952 1
7ae19de7bc2a,206464 4 207167 6 207871 7 208575 7 209279 7 209983 8 210687 8 211390 9 212094 9 212797 11 213501 11 214205 11 214909 11 215614 9
7ae19de7bc2a,217175 12 217878 14 218582 14 219286 14 219990 14 220694 14 221398 14 222102 15 222806 15 223510 15 224214 15 224918 14 225631 5
7ae19de7bc2a,70351 7 71055 8 71758 10 72462 11 73166 12 73871 12 74575 12 75279 12 75983 13 76688 12 77392 12 78096 13 78801 12 79507 10 80212 9 80918 6
7ae19de7bc2a,257272 9 257976 12 258680 13 259384 13 260089 13 260794 12 261499 11 262204 10 262910 7
7ae19de7bc2a,191805 5 192508 8 193212 8 193916 8 194620 9 195324 9 196028 9 196732 8 197437 7 198141 7
7ae19de7bc2a,118778 7 119481 9 120185 9 120888 10 121592 10 122296 10 123000 10 123704 10 124408 10 125112 10 125817 9 126521 9 127225 9 127930 7 128635 6 129340 4
7ae19de7bc2a,25223 7 25921 15 26623 17 27326 19 28029 20 28733 20 29437 20 30140 21 30844 21 31548 21 32252 21 32956 20 33660 20 34364 20 35068 19 35772 18 36476 17 37181 12 37886 3
7ae19de7bc2a,264634 6 265337 12 266041 15 266745 16 267449 17 268153 17 268857 18 269562 17 270266 17 270971 16 271676 15 272381 14 273087 11
7ae19de7bc2a,356401 4 357103 11 357807 11 358511 12 359216 11 359920 11 360625 10 361330 8 362035 7 362740 6 363447 2
7ae19de7bc2a,111731 10 112432 17 113137 17 113841 17 114545 18 115249 18 115953 18 116656 20 117360 20 118063 21 118768 10 118785 3 119473 8 119490 2 120180 5 120194 2 120885 3 120898 2 121589 3 121602 2 122294 2 122306 2 122998 2 123010 2 123703 1 123714 2 124407 1 124418 2 125111 1 125122 1 125816 1 125826 1 126520 1 126530 1 127224 1 127929 1 127937 1 128633 2 129338 2 129344 1 130043 5 130749 2
7ae19de7bc2a,68 1 756 1 764 12 1458 23 2162 23 2865 24 3569 23 4273 23 4976 23 5680 23 6384 21 7089 17 7795 8
7ae19de7bc2a,227556 6 228258 11 228962 13 229666 14 230370 14 231074 14 231778 14 232482 14 233186 14 233891 12 234596 11 235301 8
7ae19de7bc2a,279075 2 279774 32 280476 35 281180 35 281885 34 282590 32 283295 31 284002 26 284709 19
7ae19de7bc2a,228068 1 228769 6 229473 7 230179 5 230884 4 231588 1 231590 2 231593 2 232292 7 232996 8 233703 1 233705 5 234410 9 235114 11 235818 12 236522 14 237226 15 237932 16 238636 16 239340 17 240044 17 240748 17 241452 17 242156 17 242860 17 243564 18 244269 17 244973 17 245679 15 246382 17 247086 17 247794 13 248501 10 249205 10 249909 10 250613 10 251317 10 252023 8 252728 5 253432 7 254135 8 254839 8 255543 7 256248 6 256951 7 257655 7 258359 7 259064 5 259768 4 260472 4 261176 5 261881 3
7ae19de7bc2a,32466 7 33170 12 33874 12 34578 13 35282 13 35986 13 36690 13 37394 13 38098 13 38802 13 39506 13 40210 8 40914 8 41618 7 42322 7 43026 7 43730 7 44434 7 45139 6 45847 2
7ae19de7bc2a,14019 9 14721 13 15423 17 16125 20 16827 23 17531 23 18235 22 18939 22 19644 19 20353 13
7ae19de7bc2a,119291 10 119995 12 120699 13 121403 13 122108 12 122812 12 123517 11 124221 11 124926 10 125632 7
7ae19de7bc2a,78626 11 79327 14 80030 15 80734 15 81437 16 82141 16 82845 16 83548 17 84252 17 84957 16 85661 16 86365 15 87070 14 87774 13 88481 9
7ae19de7bc2a,65524 5 66226 8 66930 9 67633 10 68337 10 69041 10 69744 11 70448 11 71152 11 71855 12 72559 12 73263 12 73967 12 74671 12 75376 11 76081 7
7ae19de7bc2a,188644 14 189347 16 190051 16 190755 16 191458 17 192162 17 192867 16 193571 16 194276 15 194982 12
7ae19de7bc2a,31454 10 32156 21 32859 25 33564 25 34267 26 34972 25 35676 26 36380 26 37084 26 37789 26 38493 26 39197 26 39900 27 40603 28 41307 28 42010 29 42714 29 43418 29 44121 30 44826 29 45529 30 46233 30 46937 30 47641 29 48345 29 49049 29 49753 28 50459 24 51164 20 51871 9
7ae19de7bc2a,228680 7 229381 13 230085 14 230788 17 231491 19 232195 20 232899 20 233602 21 234306 21 235010 21 235708 1 235711 1 235713 22 236412 27 237114 29 237819 29 238522 30 239226 30 239931 29 240634 30 241339 29 242044 28 242747 29 243452 28 244157 26 244863 23 245569 20 246277 15 246983 11 247689 8
7ae19de7bc2a,270003 2 270006 6 270013 1 270706 14 270721 1 271408 22 272112 24 272815 28 273519 31 274223 32 274926 33 275630 36 276335 36 277040 36 277745 35 278449 35 279154 34 279859 33 280566 30 281270 30 281975 29 282679 29 283386 25 284097 16 284806 2 284809 2 284813 1
7ae19de7bc2a,90453 8 91156 9 91859 10 92563 10 93268 9 93972 9 94676 9 95381 8 96085 8 96790 7 97495 5
7ae19de7bc2a,1978 3 2681 14 3385 14 4089 14 4793 14 5498 13 6202 13 6906 13 7611 11 8316 10 9020 9
7ae19de7bc2a,224542 7 225242 15 225945 18 226649 18 227353 20 228057 11 228069 10 228758 11 228775 8 229466 7 229480 7 230171 1 230173 6 230184 8 230875 1 230877 7 230888 8 231582 6 231589 1 231592 1 231595 5 232291 1 232299 6 233004 6 233702 1 233704 1 233710 4 234407 3 244239 2
7ae19de7bc2a,88140 10 88843 12 89547 12 90250 14 90954 14 91658 14 92362 14 93065 15 93770 14 94474 13 95177 14 95881 14 96586 13 97290 12 97994 11 98700 5
7ae19de7bc2a,14373 8 15077 8 15781 8 16485 8 17189 8 17893 9 18597 9 19301 9 20005 9 20710 8 21414 8 22118 7 22824 2
7ae19de7bc2a,188728 5 189431 7 190134 9 190838 10 191542 10 192246 11 192950 11 193654 11 194358 11 195062 11 195768 7
7ae19de7bc2a,50795 5 51498 12 52202 13 52906 13 53611 12 54315 12 55019 12 55724 11 56428 11 57132 11 57837 9 58543 6
7ae19de7bc2a,213647 8 214350 11 214370 6 215054 26 215757 28 216461 29 217165 10 217187 7 217868 10 217892 6 218572 10 218596 6 219276 10 219300 6 219980 10 220004 6 220684 10 220708 5 221388 10 221412 5 222092 10 222117 4 222796 10 222821 4 223500 10 223525 4 224204 10 224229 4 224908 10 224932 5 225612 7 225626 5 225636 5 226316 7 226333 3 226337 8 227020 6 227043 6 227725 5 227747 7 228428 6 228451 6 229132 6 229155 6 229836 6 229859 6 230540 6 230563 4 231244 7 231267 4 231948 7 231971 4 232653 7 232676 2 233357 8 233380 1 234062 9 234768 1 234771 6 235482 1
7ae19de7bc2a,1152 5 1855 8 2559 9 3262 11 3966 12 4670 12 5374 12 6079 11 6783 11 7487 12 8191 11 8895 11 9604 4
7ae19de7bc2a,224248 4 224951 7 225654 9 226358 10 227062 11 227766 11 228470 12 229174 13 229878 13 230582 14 231286 15 231990 15 232694 15 233399 14 234103 14 234812 6
7ae19de7bc2a,41790 6 42487 14 43191 14 43894 15 44598 15 45303 14 46007 14 46712 13 47417 12 48124 8 48830 6 49536 3
7ae19de7bc2a,220908 13 221611 15 222315 16 223019 16 223723 16 224427 16 225131 16 225835 16 226539 16 227244 15 227948 14 228652 14 229357 13 230061 12 230766 10 231473 4
7ae19de7bc2a,119090 1 119092 3 119096 1 119793 9 120496 14 121200 15 121904 17 122608 17 123313 16 124017 16 124721 16 125426 14 126130 14 126834 15 127539 21 128246 19 128949 20 129654 19 130355 22 131059 22 131762 23 132467 22 133171 3 133175 17 133884 11 134594 1 134596 1
7ae19de7bc2a,326877 7 327580 11 328284 12 328988 13 329693 12 330397 13 331102 12 331806 13 332510 13 333214 13 333919 12 334626 8 335334 1
7ae19de7bc2a,222662 3 223365 7 224069 8 224773 10 225477 11 226182 11 226886 12 227591 11 228295 12 229000 12 229705 11 230410 10 231117 6 231823 3
7ae19de7bc2a,152449 7 153151 11 153854 13 154558 14 155262 15 155966 15 156670 16 157374 16 158078 16 158783 15 159487 16 160191 16 160895 16 161600 15 162304 15 163010 13 163715 11 164422 7 165129 2
7ae19de7bc2a,277088 11 277791 14 278495 15 279198 16 279902 16 280606 16 281311 15 282015 15 282719 15 283423 15 284127 15 284830 16 285535 15 286239 14 286944 13 287652 6
7ae19de7bc2a,299549 1 300249 2 300252 3 300952 7 300961 1 301656 10 302360 10 303064 10 303767 12 304471 12 305174 13 305878 13 305892 1 306582 15 307286 15 307990 15 308694 16 309398 16 310102 16 310806 16 311510 16 312214 16 312918 16 313622 16 314326 16 315030 16 315734 16 316438 16 317142 5 317151 7 317846 1 317855 7 318559 6 319263 6 319967 6 320671 6 321375 6 322079 6 322783 6 323487 5 324191 5 324895 5 325599 5 326303 5 327007 4 327711 4 328415 4 329118 5 329822 5 330526 5 331230 5 331934 4 332638 3 333342 3 334045 3 334749 2 335453 1
7ae19de7bc2a,351471 7 352173 11 352876 12 353580 13 354284 13 354988 13 355692 13 356396 5 356405 4 357100 3 357805 2 358509 2 359214 2
7ae19de7bc2a,144983 16 145684 20 146387 22 147091 22 147795 22 148499 21 149203 20 149908 16 150614 8
7ae19de7bc2a,281060 5 281762 9 282466 12 282485 10 283169 32 283873 32 284577 32 285281 33 285985 33 286690 31 287394 32 288098 32 288803 31 289507 31 290211 30 290915 30 291620 29 292324 29 293029 29 293733 28 294438 27 295142 27 295846 27 296550 27 297254 1 297256 25 297960 24 298665 23 299370 22 300074 22 300780 19 301489 1 301495 1 301498 4 302197 2 302200 6
7ae19de7bc2a,316104 2 316108 1 316807 6 317510 8 318214 11 318918 12 319621 13 320326 17 321030 23 321734 24 322438 24 323142 24 323847 22 324553 20 325257 19 325963 13
7ae19de7bc2a,255704 3 256407 6 257110 8 257814 8 258517 10 259221 10 259925 10 260629 12 261333 13 262037 14 262741 14 263445 15 264149 15 264853 15 265558 15 266262 16 266967 15 267670 16 268374 16 269078 17 269782 17 270487 17 271191 18 271896 17 272600 17 273304 18 274008 18 274712 18 275417 18 276122 17 276826 19 277530 19 278234 20 278938 22 279642 23 280346 28 281050 10 281065 17 281754 8 281771 16 282458 8 282478 7 283162 7 283865 8 284569 8 285273 8 285977 8 286682 8 287385 9 288089 9 288793 10 289497 10 290201 10 290906 9 291610 10 292314 10 293018 11 293721 12 294424 14 295130 12 295836 3 295842 2
7ae19de7bc2a,94102 5 94806 7 95510 8 96213 10 96917 10 97622 10 98326 10 99030 10 99734 10 100438 10 101142 10 101847 8 102552 7 103258 3
7ae19de7bc2a,101399 11 102101 17 102804 20 103507 21 104211 21 104915 21 105620 19 106325 17 107032 10
7ae19de7bc2a,28129 3 28832 4 29536 4 30240 4 30944 4 31647 6 32351 6 33055 5 33760 2 34463 3 35167 4 35871 5 36575 4 56308 1 56311 1 57011 5 57713 7 58416 8 59118 10 59822 11 60525 13 61227 16 61930 17 62634 17 63338 17 64041 18 64745 19 65448 21 66152 21 66856 20 67561 19 68265 19 68969 19 69673 19 70377 19 71081 18 71786 17 72490 15 73196 11 73903 7 74610 1
7ae19de7bc2a,115155 7 115857 11 116561 13 117264 14 117968 15 118672 15 119376 16 120081 15 120785 15 121489 14 122193 14 122898 12 123603 10 124310 4
7ae19de7bc2a,116910 6 117611 9 118313 12 119015 14 119718 15 120421 16 121125 16 121828 17 122532 16 123236 16 123940 15 124644 12 125352 1
7ae19de7bc2a,151648 6 152352 11 153056 12 153760 13 154464 14 155168 14 155873 13 156577 13 157284 10 157994 2
7ae19de7bc2a,216930 7 217633 9 218336 11 219040 12 219744 12 220448 12 221151 13 221855 14 222559 13 223263 14 223967 13 224672 12 225376 12 226080 11 226786 8
7ae19de7bc2a,225683 9 226385 13 227088 14 227792 14 228496 14 229200 13 229905 11 230610 9
7ae19de7bc2a,285674 9 286376 15 287080 20 287783 21 288487 26 289190 31 289895 31 290599 32 291302 33 292007 33 292711 33 293414 34 294119 34 294822 34 295526 34 296231 33 296935 33 297639 33 298343 33 299047 33 299751 33 300455 33 301159 33 301863 33 302567 33 303271 33 303974 34 304679 33 305382 34 306086 33 306790 34 307495 32 308200 30 308904 11 308925 6
7ae19de7bc2a,147416 5 148119 8 148822 11 149526 13 150229 16 150934 18 151638 10 151654 3 152343 9 153048 8 153753 7 154459 5 155164 4 155870 3 156576 1 157282 2 157990 4 157996 1 158697 2
7ae19de7bc2a,301137 2 301838 7 302541 9 303245 9 303949 9 304653 10 304676 3 305357 10 305379 3 306061 11 306082 4 306765 11 306784 6 307469 11 307486 9 308173 27 308877 27 309582 28 310290 23 310994 23 311701 1 311703 18 312405 1 312407 17 313109 1 313111 17 313815 17 314519 17 315225 15 315930 14 316634 14 317340 12 318044 12 318749 11 319455 8 320159 7 320864 6
7ae19de7bc2a,112837 3 113540 7 114243 10 114947 12 115651 13 116355 13 117060 13 117764 13 118469 13 119174 12 119879 11 120586 8
7ae19de7bc2a,142711 9 143413 12 144117 13 144821 13 145525 13 146229 14 146933 14 147637 14 148341 14 149045 13 149749 13 150453 13 151159 9
7ae19de7bc2a,161623 3 162319 13 163023 14 163726 15 164429 17 165127 2 165131 19 165832 23 166536 23 167241 22 167945 22 168649 22 169352 23 170056 23 170759 24 171462 25 172166 25 172868 27 173572 26 174276 26 174980 26 175684 25 176388 25 177092 25 177797 23 178501 10 178513 10 179206 6 179220 6 179912 1
7ae19de7bc2a,199807 3 200509 8 201212 11 201915 14 202619 14 203314 24 204017 26 204721 26 205425 26 206128 28 206832 27 207536 28 208241 26 208946 25 209652 23 210357 21 211063 19 211769 17 212473 17 213179 16 213884 15 214590 13 215295 12 216001 10 216706 9 217413 5 218119 1
7ae19de7bc2a,334540 7 335243 10 335946 11 336650 12 337354 12 338058 12 338762 12 339466 12 340170 11 340874 11 341580 8
7ae19de7bc2a,298112 2 298813 5 299517 6 300219 8 300921 10 301624 11 302327 12 303028 15 303731 16 304432 19 305135 20 305838 21 306541 22 307245 21 307948 22 308651 23 309355 21 310058 21 310762 21 311466 19 312169 20 312872 20 313576 19 314280 18 314984 18 315688 16 316392 14 317096 14 317800 13 318506 2 319211 2
7ae19de7bc2a,47237 7 47937 12 48641 12 49345 12 50050 11 50755 10 51462 7 52168 4
7ae19de7bc2a,344213 2 344917 2 351269 6 351973 8 352678 10 353383 11 354088 12 354793 11 355498 10 356203 11 356908 9 357612 8 358318 5
7ae19de7bc2a,308152 9 308855 13 309558 19 310262 18 310966 20 311670 20 312374 20 313079 20 313783 20 314488 19 315192 19 315896 19 316602 17 317306 17 318010 17 318715 15 319420 14 320124 12 320828 12 321532 10 322235 11 322940 9 323643 10 324347 10 325052 7 325756 7 326460 7
7ae19de7bc2a,320531 5 321234 9 321938 12 321951 2 322641 19 323345 23 324049 32 324753 34 325457 33 326162 32 326866 11 326884 14 327570 10 327591 11 328274 10 328296 11 328979 9 329001 10 329683 10 329705 11 330388 9 330410 10 331092 10 331114 9 331796 10 331819 8 332500 10 332523 8 333204 10 333227 8 333908 11 333931 7 334612 14 334634 8 335316 18 335335 11 336020 30 336725 28 337428 28 338132 28 338838 10 338854 7 339543 7 339560 2 340247 2 340250 3
7ae19de7bc2a,297602 1 298299 13 299000 20 299707 18 300412 19 301116 21 301817 21 302520 21 303224 21 303929 20 303958 1 304633 20 304663 1 305336 21 305367 3 306040 21 306072 6 306744 21 306776 8 307448 21 307480 6 308161 12 308868 9 309577 5 310280 10 310986 8 311690 11 311702 1 312394 11 312406 1 313099 8 313110 1 313803 3 313814 1 314507 4 315211 4 315915 3 316619 2 318730 1 319434 1 320136 1 322949 2 323653 1
7ae19de7bc2a,344786 12 345488 14 346192 16 346895 17 346913 1 347599 19 348303 21 349007 21 349710 23 350414 23 351118 23 351822 7 351835 10 352526 6 352541 8 353230 6 353247 6 353933 7 353952 5 354638 6 354656 4 355342 6 355361 2 356048 4 356064 2 356753 4 356768 2 357458 3 358164 1 358177 1 358868 2 358881 1 359573 1 359585 1 360278 1 360289 1 360983 1 361687 2 361696 2 362392 2 362400 1 363097 4 363102 3 363802 6 364507 4
7ae19de7bc2a,230107 8 230805 3 230809 12 231510 16 232215 16 232919 17 233623 17 234327 17 235031 17 235735 17 236439 17 237143 18 237848 17 238552 17 239256 17 239960 17 240664 17 241368 17 242072 16 242776 16 243480 15 244183 3 244192 6 244886 1
7ae19de7bc2a,106430 9 107133 11 107836 12 108540 12 109244 12 109948 12 110651 13 111355 13 112059 13 112763 13 113467 13 114171 12 114875 11 115581 4
7ae19de7bc2a,355829 7 356530 11 357234 12 357938 12 358642 12 359346 12 360049 13 360753 13 361457 13 362161 13 362865 13 363569 12 364274 11 364980 8
7ae19de7bc2a,165722 1 166423 10 167126 14 167829 15 168533 16 169237 16 169942 15 170646 15 171350 15 172054 14 172759 13 173465 10
7ae19de7bc2a,67560 1 68264 1 68968 1 69672 1 70376 1 71080 1 71099 1 71784 2 71803 1 72488 2 72505 3 73192 4 73207 5 73895 8 73910 6 74599 11 74611 9 75302 22 76005 23 76710 23 77414 22 78119 21 78824 19 79530 16 80236 14 80941 12 81648 8 82354 5
7ae19de7bc2a,23266 1 23970 1 25375 4 26077 6 26776 2 26779 5 27474 14 28175 16 28876 17 29578 19 30281 20 30982 22 31686 22 32389 22 33092 22 33796 21 34500 20 35204 18 35908 18 36612 17 37316 15 38020 15 38724 14 39429 11 40133 10 40839 6
7ae19de7bc2a,80706 6 81409 10 82113 12 82816 14 83521 14 84225 14 84929 14 85633 14 86338 13 87042 14 87747 13 88453 11 89160 7
7ae19de7bc2a,317490 9 318192 13 318894 16 319597 17 320301 17 321004 18 321708 18 322412 18 323116 18 323820 18 324524 18 325228 17 325933 15 326643 6
7ae19de7bc2a,83683 10 84385 14 85089 15 85792 16 86496 16 87200 16 87904 16 88609 15 89313 15 90018 13 90722 13 91428 10 92133 8
7ae19de7bc2a,5214 1 5216 3 5917 10 6620 14 7324 16 8028 16 8732 17 9436 18 10140 19 10845 18 11549 18 12254 17 12958 17 13663 16 14368 5 14381 1 15072 5 15085 1 15776 5 15789 1 16480 5 16493 1 17186 3 17197 1 17890 3 18594 3 19299 2 20004 1 20708 2 21413 1 22823 1
7ae19de7bc2a,276385 8 277076 1 277085 3 277099 3 277780 11 277805 2 278484 11 278510 1 279188 10 279214 1 279892 10 279918 1 280596 10 280622 2 281300 11 281326 2 282004 11 282030 2 282708 11 282734 2 283411 12 283438 2 284113 14 284142 2 284808 1 284811 2 284814 16 284846 1 285529 6 285550 1 286235 4 286253 1 286942 2 286957 1 287650 2
7ae19de7bc2a,292586 9 293290 9 293994 10 294698 10 295402 14 296105 17 296810 17 297514 17 298218 18 298922 19 299625 23 300329 23 301033 23 301737 22 302441 19 303145 18 303850 17 304554 18 305273 3
7ae19de7bc2a,131202 3 131207 1 131904 12 132607 14 133311 14 134014 15 134716 1 134718 15 135420 16 136123 19 136828 15 137531 19 138237 15 138939 17 139644 16 140348 16 141052 16 141756 16 142459 17 143163 17 143181 1 143867 19 144574 14 144589 1 145278 16 145982 16 146687 15 147393 12 148100 5
7ae19de7bc2a,177346 13 178050 14 178753 16 179457 16 180161 16 180865 16 181569 15 182273 15 182977 15 183682 13 184386 12 185092 3
7ae19de7bc2a,318852 1 319556 2 319559 2 320260 2 320263 2 320964 4 321667 5 322371 5 323073 7 323776 8 324480 8 325183 10 325887 10 326589 12 327292 13 327996 12 328700 12 329400 2 329403 14 330101 1 330104 18 330801 1 330804 2 330808 18 331509 1 331512 18 332217 1 332219 14 332924 13 333627 15 334325 1 334328 2 334331 15 335025 1 335028 23 335740 2 335743 12 336448 1 336451 7 339272 1
7ae19de7bc2a,116867 10 117570 13 118274 13 118977 15 119681 15 120386 15 121090 15 121794 15 122498 15 123202 14 123909 9
7ae19de7bc2a,7088 1 7792 3 7803 1 8495 12 9199 12 9902 12 10606 11 11310 10 12014 9 12718 8 13422 7 14126 6 14832 2
7ae19de7bc2a,46341 2 47028 1 47030 1 47032 1 47043 5 47732 3 47736 1 47744 9 48436 22 49141 22 49844 23 50549 22 51253 21 51957 21 52661 21 53365 20 54069 20 54773 19 55477 18 56181 18 56886 16 57590 15 58294 14 58998 14 59703 12 60407 11 61113 8 61818 5
7ae19de7bc2a,148805 4 149508 7 150212 8 150916 9 151620 10 152324 10 153028 11 153732 11 154437 10 155141 10 155846 9 156550 8 157258 2
7ae19de7bc2a,323846 1 324549 4 325253 4 325276 2 325956 7 325976 6 326660 26 327365 26 328069 26 328773 26 329477 26 330182 25 330885 25 331589 25 332294 13 332315 3 332997 11 333701 10 334404 11 335109 9 335813 9 336517 9 337221 9 337925 6 338629 6 339333 5 340037 4 340742 5 341446 8 342150 5 342856 7 343561 6 344265 8 344973 4 345679 2 346385 1
7ae19de7bc2a,210158 6 210859 11 211563 12 212267 13 212971 13 213675 14 214379 14 215083 14 215787 14 216491 14 217195 14 217899 14 218603 15 219308 14 220013 12 220721 8
7ae19de7bc2a,10523 5 11226 8 11929 10 12633 10 13337 10 14040 11 14744 12 15448 12 16152 12 16856 11 17561 10 18266 9
7ae19de7bc2a,77096 7 77799 9 78502 10 79206 11 79910 11 80614 11 81318 11 82022 11 82726 11 83430 10 84134 10 84838 9 85542 7 86247 5
7ae19de7bc2a,189363 10 190067 11 190771 12 191475 12 192179 12 192883 13 193587 13 194291 12 194994 13 195699 12 196403 11 197108 8
7ae19de7bc2a,178045 5 178747 6 179450 7 180153 8 180857 8 181561 8 182265 8 182969 8 183674 8 184378 8 185082 10 185095 3 185786 15 186490 13 187194 12 187899 10 188604 7 189309 4
7ae19de7bc2a,8494 1 9197 2 9900 2 10604 2 10617 1 11307 3 11320 1 12010 4 12023 3 12714 4 12726 3 13416 6 13429 3 14120 6 14132 4 14824 8 14834 6 15527 16 16230 18 16934 17 17636 18 18340 18 19044 18 19747 18 20450 19 21154 18 21857 18 22561 18 23264 2 23267 14 23968 2 23971 11 24671 16 25379 2 26784 2
7ae19de7bc2a,143024 10 143726 13 144429 15 145133 15 145837 15 146540 16 147244 16 147948 15 148652 15 149356 15 150060 15 150764 15 151470 11
7ae19de7bc2a,345162 1 345863 7 346564 12 347266 15 347959 26 348662 27 349365 29 350068 30 350771 31 351478 28 352184 26 352888 26 353593 25 354297 25 355001 24 355705 25 356409 24 357114 23 357818 23 358523 22 359227 21 359940 9
7ae19de7bc2a,13358 1 14051 2 14060 6 14756 2 14762 8 15460 15 16164 15 16867 16 17571 16 18275 15 18970 24 19675 20 20380 19 21084 17 21788 17 22492 15 23195 14 23899 13 24602 13 25307 11 26010 11 26715 9 27419 9 28124 5
7ae19de7bc2a,44795 1 44797 8 45495 14 46193 21 46895 24 47596 1 47598 25 48299 28 49003 29 49705 31 50409 31 51113 31 51816 32 52520 31 53224 31 53928 31 54633 29 55338 28 56042 27 56748 1 56750 22 57454 21 58158 19 58866 12 59572 8 60279 2
7ae19de7bc2a,349496 3 349500 2 350197 12 350900 13 351603 14 352306 14 353010 14 353714 14 354418 13 355122 13 355826 3 355836 3 356541 2 357246 1 357950 1 358654 1 359358 1 360062 1
7ae19de7bc2a,152569 5 152575 1 153270 11 153973 18 154676 27 155380 29 156084 30 156788 30 157492 31 158196 31 158900 31 159604 31 160308 31 161012 31 161716 31 162420 31 163124 31 163828 31 164532 31 165236 31 165940 31 166643 32 167346 33 168050 33 168754 33 169457 33 170161 33 170865 34 171569 32 172273 32 172977 33 173681 32 174385 31 175089 31 175793 29 176497 27 177203 21 177908 11
7ae19de7bc2a,327875 1 328573 10 329277 11 329291 1 329983 9 329995 1 330689 6 331391 13 332093 16 332802 11 333512 4 334217 3 334921 4 335622 11 336329 9 337035 9 337739 9 338442 12 339146 13 339852 13 340557 13 341260 14 341963 16 342667 16 343372 16 344076 16 344778 8 345482 6 346186 6 346889 6 347593 6 348297 6 349001 6 349705 5 350409 5 351112 6 351816 6 352520 6 353225 5 353930 3 354634 4 355338 4 356042 6 356748 5 357453 5 358157 7 358862 6
7ae19de7bc2a,6775 7 7478 9 8181 10 8884 11 9588 12 10292 13 10996 13 11700 13 12404 12 13108 12 13813 11 14518 9
7ae19de7bc2a,26548 6 27251 8 27954 10 28658 10 29361 11 30065 11 30768 12 31472 12 32177 11 32884 9 33589 8 34293 10 34997 11 35702 11 36406 13 37110 15 37815 16 38519 17 39223 19 39927 21 40631 21 41335 22 42039 22 42743 21 43447 20 44151 7 44159 7 44865 1
7ae19de7bc2a,175220 1 175222 1 175229 1 175231 7 175239 1 175923 23 176627 25 177331 15 178035 10 178739 8 179443 7 180148 5 180852 5 181556 5 182260 5 182964 5 183668 6 184373 5 185077 5 185098 3 185782 4 185801 3 186486 4 186503 5 187190 4 187206 5 187895 4 187909 6 188599 5 188611 7 189303 6 189313 9 190007 18 190711 18 191416 17 192120 16 192827 11 193534 4
7ae19de7bc2a,316302 3 317004 7 317707 9 318411 10 319114 12 319818 13 320522 9 321226 8 321930 8 322634 7 323338 7 324043 6 324749 4 325454 3
7ae19de7bc2a,334330 1 335737 3 335742 1 336445 3 336449 2 336458 1 337149 15 337854 15 338558 17 339266 6 339273 6 339970 14 340675 14 341382 12 342087 2 342090 9 342795 8 343500 1 343503 5 344208 4
7ae19de7bc2a,77361 5 78062 9 78763 13 79459 21 80162 22 80866 22 81568 23 82272 23 82976 22 83679 4 83693 9 84383 2 84399 7 85087 2 85104 5 85791 1 85808 5 86495 1 86512 5 87199 1 87216 5 87903 1 87920 5 88607 2 88624 4 89312 1 89328 5 90016 2 90031 6 90735 5 91426 2 91438 6 92131 2 92141 4 92836 8 93540 8 94246 3
7ae19de7bc2a,6092 6 6795 8 7499 9 8203 9 8907 10 9611 10 10315 10 11020 9 11725 7 12432 3
7ae19de7bc2a,289926 10 290631 17 291335 18 292040 18 292744 19 293448 21 294153 18 294856 19 295560 20 296264 19 296968 19 297672 19 298376 17 299080 15 299786 10
7ae19de7bc2a,174366 4 175067 7 175769 9 176471 11 177173 13 177877 14 178580 14 179284 13 179988 13 180692 13 181395 14 182096 17 182798 19 183500 22 184204 22 184908 22 185610 25 186314 25 187018 25 187722 26 188426 26 189129 27 189834 25 190539 24 191243 7 191251 1 191253 1 191256 10 191964 3
7ae19de7bc2a,168647 2 169350 2 170051 5 170755 4 171458 4 172160 6 172864 4 173568 4 174272 4 174976 4 175680 4 176383 5 177087 5 177791 6 178495 6 178511 2 179199 7 179212 8 179903 9 179913 16 180607 26 181311 26 182015 26 182719 23 183423 23 184127 23 184831 21 185535 10 185549 7 186239 9 186252 8 186943 7 186957 4 187647 5 187653 1 188351 4 189055 4
7ae19de7bc2a,316740 5 317444 6 318147 7 318850 2 318853 5 319554 2 319558 1 319561 1 320258 2 320262 1 320265 1 320962 2 320968 2 321665 2 321672 2 322369 2 322376 1 323072 1 323080 1 323775 1 323784 1 324479 1 325886 1 327995 1 328698 2 329393 1 329395 5 329402 1 330096 5 330102 2 330798 3 330802 2 330806 2 331501 8 331510 2 332205 12 332218 1 332909 15 333613 14 334318 7 334326 2 335023 2 335026 2 335729 6
7ae19de7bc2a,208040 9 208743 15 209447 16 210150 8 210164 4 210854 5 210870 2 211558 5 211575 2 212261 6 212280 1 212965 6 212984 1 213669 6 213689 1 214376 3 214393 1 215080 3 215097 1 215785 2 215801 1 216490 1 216505 2 217194 1 217209 2 217898 1 217913 2 218602 1 218618 1 219306 2 219322 2 220010 3 220025 3 220713 8 220729 3 221420 16 222121 1 222126 14 222832 12 223538 10 224244 4 224950 1
7ae19de7bc2a,195088 6 195790 10 196493 11 197196 13 197899 14 198603 14 199306 15 200011 14 200715 14 201419 13 202123 13 202827 13 203532 12 204236 12 204941 10 205647 7
7ae19de7bc2a,211750 1 212454 2 213158 2 213861 4 214566 4 215270 4 215974 5 216678 6 217382 7 218087 8 218791 8 218800 1 219495 10 220200 21 220904 4 220921 4 221608 3 221626 4 222313 2 222331 4 223017 2 223035 4 223721 2 223739 4 224425 2 224443 4 225130 1 225147 4 225834 1 225851 4 226538 1 226555 3 227243 1 227259 3 227947 1 227962 4 228666 3 229356 1 229370 1 230073 2 230776 2 231471 2 231477 4 232176 7
7ae19de7bc2a,293892 10 294593 15 295295 17 295999 17 296702 18 297405 17 298109 3 298114 12 298812 1 298818 11 299515 2 299523 10 300218 1 300227 10 300931 8 301635 7 302339 7 303043 5 303747 5 304451 5 305155 3 305859 3 306563 2 307266 3 307970 2 309376 2 310079 3
7ae19de7bc2a,358277 1 358981 1 358984 1 358987 2 359685 2 359688 2 359691 2 359694 2 359698 1 360389 17 361093 18 361797 20 362501 20 363208 16 363918 3 363923 2
7ae19de7bc2a,304838 1 305542 3 306245 5 306948 7 307652 7 308356 7 309060 7 309764 7 310468 8 311171 9 311875 10 312579 11 313283 11 313987 11 314691 11 315395 11 316099 5 316106 2 316109 3 316803 4 316813 5 317507 3 317518 4 318211 3 318225 1 318915 3 318931 1 319619 2 319635 1 320323 3 321027 3 321731 3 322435 3 323139 3 323843 3 324547 2 325251 2 325955 1 326659 1 327363 2 328067 2 328771 2 329475 2 330179 3 330883 2 331587 2 332292 2 332996 1 333700 1 335108 1
7ae19de7bc2a,288267 2 288969 6 288976 1 289674 7 290377 9 291081 11 291785 11 292487 14 293191 14 293890 2 293902 6 294592 1 294608 4 295312 3 296016 2 296720 1 297422 2 298126 1 298829 1
7ae19de7bc2a,36181 11 36884 14 37588 14 38292 14 38996 14 39700 14 40405 11 41109 6 41814 1
7ae19de7bc2a,294782 6 295486 7 296188 10 296892 12 297595 7 297603 9 298312 4 299020 2 299725 3 300431 5 301139 4 301845 2 301862 1 302550 2 302566 1 303254 3 303269 2 303959 4 303970 4 304664 5 304670 6 305370 9 306078 4 309610 3 310313 3 311017 1 311721 1 312424 1 313107 2 313128 1 313806 4 313813 1 313832 1 314518 1 315918 1 317323 1 318027 1
7ae19de7bc2a,192078 5 192779 12 192792 1 193483 14 194187 15 194890 18 195594 19 196298 20 197001 24 197704 26 198407 27 199111 30 199815 31 200518 32 201223 32 201929 31 202633 31 203338 30 204043 29 204747 29 205451 29 206156 28 206859 29 207564 28 208267 29 208971 29 209675 29 210378 30 211082 29 211786 29 212490 29 213195 27 213899 27 214603 6 214613 16 215307 6 215319 13 216011 4 216026 8 216715 2 216732 1 216735 1
7ae19de7bc2a,4020 10 4724 11 5428 12 6132 12 6836 12 7540 13 8244 13 8948 13 9652 13 10356 13 11061 11 11765 10
7ae19de7bc2a,112696 6 113399 8 114103 9 114806 10 115510 10 116214 10 116918 10 117622 10 118326 10 119031 8
7ae19de7bc2a,9029 2 9032 1 9728 13 10429 18 11131 21 11835 23 12539 24 13243 24 13948 24 14653 24 15356 25 16061 24 16766 24 17470 24 18174 24 18878 1 18880 22 19582 1 19584 22 20286 1 20288 22 20990 1 20992 21 21698 19 22398 1 22400 21 23099 1 23101 24 23807 2 23810 19 24509 24 25211 12 25230 8 25915 6 25936 6 26618 5 26640 6 27321 5 27345 5 28025 4 28049 5 28729 4 28753 5 29433 4 29457 4 30137 3 30161 4 30842 2 30865 4 31546 2 31569 3 32250 2 32273 2 32954 2 32976 3 33659 1 33680 2 34363 1
7ae19de7bc2a,202384 1 203087 7 203790 9 204494 9 204504 1 204514 1 204517 1 205197 12 205217 8 205901 12 205920 9 206605 14 206624 10 207309 15 207326 13 208013 15 208029 1 208031 9 208717 15 208733 1 208735 8 209421 26 210125 25 210829 25 211533 25 212237 24 212941 24 213645 2 213655 14 214349 1 214361 9 215053 1 221417 2 222122 1 222826 1
7ae19de7bc2a,1267 10 1970 8 1981 1 2674 7 3378 7 4081 8 4785 8 5489 9 6193 9 6898 8
7ae19de7bc2a,13170 6 13874 7 14577 8 15281 9 15985 9 16689 9 17393 9 18097 10 18801 10 19505 9 20209 9 20915 6
7ae19de7bc2a,110249 10 110952 12 111655 14 112359 14 113063 14 113768 13 114472 13 115176 12 115880 12 116584 10 117289 7
7ae19de7bc2a,349583 8 350287 10 350991 11 351695 13 351714 2 351717 2 352399 26 353103 26 353807 26 354512 25 355215 26 355920 25 356623 26 357328 25 358031 26 358736 25 359439 25 360144 25 360846 26 361552 23 362254 25 362960 22 363663 22 364372 15 365084 1
7ae19de7bc2a,246159 6 246862 8 247565 11 248269 11 248972 13 249676 14 250380 15 251084 16 251788 16 252492 16 253196 18 253901 19 254605 24 255309 26 256013 27 256719 26 257423 27 258127 27 258841 1 258843 15 259547 16 260251 16 260958 14 261663 13 262367 12 263073 11 263778 10 264483 9 265191 5 265896 2
7ae19de7bc2a,122051 6 122753 16 123456 18 124160 19 124863 19 125567 19 126271 19 126975 19 127679 19 128383 18 129087 18 129791 17 130495 17 131199 3 131205 2 131208 7 131903 1 131916 3 132621 1 133325 1 135436 1 136843 1 144588 1 147391 2 147405 1 148095 5 148105 7 148799 6 148809 7 149503 5 149515 5 150208 4 150220 4 150913 3 150925 4 151617 3 151630 4 152321 3 152334 3 153025 3 153039 2 153730 2 153743 3 154435 2 154447 3 155139 2 155151 3 155844 2 155855 2 156549 1 156558 3 157254 4 157260 4 157958 10 158663 9 159369 4
7ae19de7bc2a,76521 9 77222 13 77925 14 78637 6 79341 6 80045 6 80749 5 81453 5 82157 5 82861 5 83565 4 84269 4 84973 3 85677 1
7ae19de7bc2a,234996 1 234998 2 235001 2 235004 1 235007 3 235699 9 235709 2 235712 1 236401 11 237105 9 237808 11 238512 10 239216 10 239920 11 240624 10 241328 11 242032 12 242736 11 243440 12 244144 13 244848 15 245553 16 246257 20 246961 22 247665 14 247681 8 248371 9 248389 5 248395 1 249073 11 249094 5 249777 12 249790 1 249796 1 249798 5 250483 9 250502 5 251187 9 251208 3 251890 11 251911 1 251913 2 252594 10 253299 8 253320 1 254002 10 254706 10 255411 8 256115 9 256819 9 257523 7 258228 5 258932 5 259638 2
7ae19de7bc2a,239491 1 240194 2 240898 2 241601 3 242305 4 242321 2 243009 4 243025 2 243713 5 243729 7 244418 5 244432 8 245123 22 245828 21 246533 20 247243 14 247946 15 248652 13 249356 13 250060 13 250764 12 251468 13 252173 11 252878 11 253582 11 254288 9 254992 9 255698 6 256402 5 257107 3 257812 2
7ae19de7bc2a,228701 6 229404 10 230115 7 230821 6 231526 6 232231 6 232936 5 233640 6 234344 6 235048 6 235752 8 236456 8 237161 9 237865 12 238569 12 239273 14 239977 15 240681 15 241385 17 242088 18 242792 18 243495 19 244187 5 244198 20 244892 29 245596 29 246301 28 247006 11 247018 14 247713 2 247728 1 247730 1
7ae19de7bc2a,139306 1 139310 1 139998 29 140700 34 141403 16 141422 17 142107 10 142131 14 142811 9 142836 14 143515 9 143541 13 144220 8 144245 13 144924 8 144949 13 145628 8 145653 12 146333 7 146357 11 147037 7 147061 10 147742 6 147764 11 148446 7 148468 10 149151 6 149172 10 149855 6 149875 10 150559 6 150579 9 151264 5 151283 9 151968 6 151987 8 152672 6 152690 9 153378 5 153394 8 154083 5 154096 10 154791 4 154798 8 155498 1 155502 1
7ae19de7bc2a,325766 1 326468 1 327165 9 327865 10 327876 8 328568 5 328583 6 329272 5 329288 3 329292 1 329977 6 329992 3 329996 1 330684 5 330695 6 331386 5 331404 2 332089 4 332109 1 332796 6 332813 3 333507 5 333516 6 334212 5 334220 7 334916 5 334925 6 335620 2 335633 3 336327 2 336338 4 337032 3 337044 3 337736 3 337748 4 338439 3 338454 3 339144 2 339159 3 339848 4 339865 2 340553 4 340570 2 341257 3 341274 2 341961 2 341979 2 342664 3 342683 2 343368 4 343388 1 344072 4 344092 1 344776 2 345480 2 346184 2 346888 1 347592 1 348296 1 348999 2 349703 2 350407 2 351110 2 351814 2 352518 2 353223 2 353927 3 354630 4 355334 4 356039 3 356744 4 357448 5 358154 3 358859 3 359566 7
7ae19de7bc2a,200630 3 200635 1 201334 4 201339 1 202040 2 202043 1 202741 1 202744 2 202747 1 203445 7 204148 9 204853 8 205559 5 206267 1 206971 1 207674 2 208375 1 208377 5 209083 1 222433 2 222436 1 223136 6 223143 1 223839 10 224549 4 225257 2 225963 1 226667 3 227373 2 228079 1 228783 3 229487 6 230192 7 230896 8 231600 8 232288 3 232305 7 232994 2 233010 8 233714 9 234405 2 234419 8 235109 5 235125 6 235814 4 235830 5 236520 2 236536 4 237225 1 237241 3 237931 1 238635 1 238652 1 239339 1
7ae19de7bc2a,298297 2 298998 2 299022 1 299701 6 300405 7 301108 8 301812 5 302515 5 303219 5 303922 7 304626 7 305331 5 306034 6 306739 5 307443 5 308147 5 308851 4 309555 3 310259 3 310964 2 311668 2 312373 1 313077 2 313781 2 314486 2 314511 1 315190 2 315894 2 316598 4 316621 2 317304 2 317324 2 318009 1 318028 1 318731 1
7ae19de7bc2a,110822 5 111525 8 112228 11 112931 15 113635 16 114339 17 115042 21 115746 21 116450 22 117153 28 117858 32 118564 32 119268 23 119973 1 119975 20 120680 1 120682 9 120692 7 121387 1 121390 1 121393 1 121399 4 122091 1 122094 1 122103 2 122106 2 122810 2 123514 3 124219 2 124925 1
7ae19de7bc2a,108615 2 109316 8 110018 11 110721 14 111424 16 112128 17 112832 5 112840 12 113536 4 113547 12 114240 3 114253 10 114944 3 114959 12 115649 2 115664 13 116353 2 116368 12 117057 3 117073 13 117762 2 117777 13 118466 3 118482 12 119171 3 119186 12 119876 3 119890 12 120580 6 120594 13 121284 26 121988 25 122692 25 123396 24 124100 22 124804 22 125508 20 126212 15 126228 1 126916 12 126929 1 127621 6 127628 1
7ae19de7bc2a,272946 4 273648 9 274352 9 275055 10 275760 8 276463 7 277166 7 277869 7 278559 20 279262 21 279965 22 280668 23 281372 24 282075 25 282779 25 283483 26 284187 26 284891 27 285595 27 286300 27 287005 9 287016 1 287018 14 287711 1 287726 11 288432 1 288434 7 289139 6 289845 4
7ae19de7bc2a,165016 3 165718 4 165723 12 166420 3 166433 8 167123 3 167140 5 167827 2 167844 5 168531 2 168549 4 169235 2 169253 4 169939 3 169957 3 170643 3 170661 3 171347 3 171365 2 172051 3 172068 3 172756 3 172772 2 173462 3 173475 2 174168 11 174875 6
7ae19de7bc2a,198808 7 199509 13 200212 16 200915 17 201620 19 202323 20 203027 21 203732 21 204435 22 205140 20 205844 20 206548 20 207252 20 207956 5 207967 9 208659 5 208673 7 209363 4 209378 6 210067 4 210082 5 210770 4 210786 5 211474 4 211490 5 212178 4 212194 5 212882 4 212898 5 213586 4 213601 4 214290 4 214305 4 214994 4 215008 5 215698 5 215711 4 216402 6 216413 6 217106 16 217812 11 218516 9 219221 5
7ae19de7bc2a,278977 5 279676 14 280379 14 281082 16 281787 15 282495 11 283201 9 283905 9 284609 9 285314 8 286018 7 286721 8 287426 7 288130 8 288834 7 289538 7 290241 7 290945 6 291649 5 292353 4 293058 2 293761 3
7ae19de7bc2a,50855 2 51555 9 52258 11 52961 13 53665 13 54369 13 55073 13 55777 13 56480 14 57184 14 57888 14 58592 14 59296 14 60000 14 60705 2 60709 8
7ae19de7bc2a,273518 1 274221 2 274922 4 274959 5 274966 5 274977 2 275625 5 275666 29 276331 4 276371 14 276393 11 277034 6 277077 8 277102 7 277738 7 277807 6 278444 5 278511 5 279147 7 279215 6 279852 7 279919 6 280559 7 280624 5 281264 6 281328 5 281970 5 282032 5 282736 5 283384 2 283440 5 284090 7 284144 6 284801 5 284847 6 285508 21 285551 6 286218 17 286254 6 286929 13 286958 6 287633 17 287658 9 288340 31 289051 25 289756 24 290465 19 291173 15 291877 15 292581 5 292595 2 293287 3 293299 2
7ae19de7bc2a,38279 13 38981 15 39685 15 40388 16 41092 16 41796 16 42501 15 43205 15 43909 15 44613 15 45317 14
7ae19de7bc2a,345277 5 345979 8 346680 12 347384 12 348086 14 348790 14 349492 4 349499 1 349502 6 350195 2 350209 3 350898 2 350913 3 351601 2 351617 2 352304 2 352320 3 353007 3 353024 2 353711 3 353728 2 354414 4 354431 2 355118 4 355135 2 355821 5 355839 2 356526 4 356543 2 357231 3 357247 2 357935 3 357951 2 358638 4 358655 1 359342 4 359359 1 360046 3 360063 1 360750 3 360766 2 361454 3 361470 2 362158 3 362174 2 362862 3 362878 1 363568 1 363581 1
7ae19de7bc2a,262388 2 263084 18 263788 19 264492 21 265196 22 265898 24 266600 27 267305 26 268009 27 268714 26 269419 24 270123 25 270827 24 271531 24 272236 23 272939 7 272950 12 273644 4 273657 8 274348 4 274361 8 275051 4 275065 6 275755 5 275768 6 276458 5 276470 7 277160 6 277173 8 277863 6 277876 8 278579 8 279283 8 279987 8 280691 8 281396 7 282100 6 282804 4 283509 1
7ae19de7bc2a,263213 10 263913 1 263916 15 264620 14 265324 13 266028 13 266733 12 267440 9 268148 5 268853 4 269560 2 270265 1 270283 1 270987 3 271691 3 272395 2
7ae19de7bc2a,119935 26 120633 34 121332 40 122035 16 122057 19 122739 14 122769 11 123444 12 123474 10 124148 12 124179 8 124854 9 124882 8 125560 7 125586 7 126265 6 126290 4 126972 3 126994 4 127676 3 127698 3 128380 3 128401 4 129085 2 129105 1 129789 2 129808 1 130492 3 130512 1 131196 3 131215 1 131900 3 132604 3 133309 2 134013 1
